{
    "domain": "cars",
    "classes": [
        "hyundai",
        "lexus",
        "mazda",
        "mercedes",
        "opel",
        "skoda",
        "toyota",
        "volkswagen",
        "background"
    ],
    "matrix": [
        [
            23,
            5,
            10,
            7,
            3,
            10,
            7,
            2,
            3
        ],
        [
            6,
            19,
            9,
            6,
            6,
            11,
            4,
            8,
            1
        ],
        [
            6,
            6,
            28,
            11,
            6,
            4,
            3,
            8,
            1
        ],
        [
            12,
            4,
            7,
            29,
            7,
            5,
            3,
            4,
            6
        ],
        [
            5,
            4,
            5,
            6,
            30,
            5,
            5,
            7,
            3
        ],
        [
            3,
            1,
            2,
            6,
            5,
            41,
            2,
            8,
            5
        ],
        [
            3,
            6,
            5,
            4,
            6,
            7,
            27,
            6,
            7
        ],
        [
            2,
            6,
            8,
            6,
            5,
            9,
            4,
            34,
            2
        ],
        [
            3,
            3,
            0,
            7,
            1,
            4,
            4,
            3,
            33
        ]
    ],
    "accuracy": 0.41379310344827586,
    "report": {
        "hyundai": {
            "precision": 0.36507936507936506,
            "recall": 0.32857142857142857,
            "f1-score": 0.3458646616541353,
            "support": 70.0
        },
        "lexus": {
            "precision": 0.35185185185185186,
            "recall": 0.2714285714285714,
            "f1-score": 0.3064516129032258,
            "support": 70.0
        },
        "mazda": {
            "precision": 0.3783783783783784,
            "recall": 0.3835616438356164,
            "f1-score": 0.38095238095238093,
            "support": 73.0
        },
        "mercedes": {
            "precision": 0.35365853658536583,
            "recall": 0.37662337662337664,
            "f1-score": 0.36477987421383645,
            "support": 77.0
        },
        "opel": {
            "precision": 0.43478260869565216,
            "recall": 0.42857142857142855,
            "f1-score": 0.4316546762589928,
            "support": 70.0
        },
        "skoda": {
            "precision": 0.4270833333333333,
            "recall": 0.5616438356164384,
            "f1-score": 0.48520710059171596,
            "support": 73.0
        },
        "toyota": {
            "precision": 0.4576271186440678,
            "recall": 0.38028169014084506,
            "f1-score": 0.4153846153846154,
            "support": 71.0
        },
        "volkswagen": {
            "precision": 0.425,
            "recall": 0.4473684210526316,
            "f1-score": 0.4358974358974359,
            "support": 76.0
        },
        "background": {
            "precision": 0.5409836065573771,
            "recall": 0.5689655172413793,
            "f1-score": 0.5546218487394958,
            "support": 58.0
        },
        "accuracy": 0.41379310344827586,
        "macro avg": {
            "precision": 0.41493831101393236,
            "recall": 0.41633510145352404,
            "f1-score": 0.4134238007328705,
            "support": 638.0
        },
        "weighted avg": {
            "precision": 0.4119419352193819,
            "recall": 0.41379310344827586,
            "f1-score": 0.41063360356070977,
            "support": 638.0
        }
    }
}